codigo,nome,marca,linha,faixa_etaria,dimensoes,pagina_catalogo,revisar
3082,FOFILHOTES TRENZINHO 6 unidades (4 unissex e 2 rosas) +18 meses,playmi,Play&Learn,,172A x 211C x 168L,9,SIM
3088,FOFILHOTES TRATORZINHO,playmi,Play&Learn,+18 meses,172A x 218C x 168L,9,
3086,FOFILHOTES JIPINHO,playmi,Play&Learn,+18 meses,172A x 208C x 168L,10,
3084,FOFILHOTES ÔNIBUS 6 unidades (4 unissex e 2 rosas) +18 meses,playmi,Play&Learn,,212A x 252C x 157L,10,SIM
3083,FOFILHOTES TRENZINHO COM CARRETINHA BRINQUEDO COM BRAILLE,playmi,Play&Learn,+18 meses,172A x 408C x 168L,11,
3089,FOFILHOTES TRATORZINHO COM CARRETINHA BRINQUEDO COM BRAILLE,playmi,Play&Learn,+18 meses,172A x 415C x 168L,11,
3087,FOFILHOTES JIPINHO COM CARRETINHA,playmi,Play&Learn,+18 meses,,12,SIM
3085,COM CARRETINHA,playmi,Play&Learn,+18 meses,212A x 447C x 164L,12,
3090,FOFILHOTES CAVALINHO alt ura,playmi,Play&Learn,+18 meses,115A x 83C x 75L,13,
3091,FOFILHOTES GIRAFINHA,playmi,Play&Learn,+18 meses,115A x 83C x 75L,13,
3092,FOFILHOTES HIPOPÓTAMO,playmi,Play&Learn,+18 meses,115A x 83C x 75L,13,
3093,FOFILHOTES LEÃOZINHO,playmi,Play&Learn,+18 meses,115A x 83C x 75L,14,
3094,FOFILHOTES TIGRE,playmi,Play&Learn,+18 meses,115A x 83C x 75L,14,
3095,FOFILHOTES HIPOPÓTAMO ROSA,playmi,Play&Learn,+18 meses,115A x 83C x 75L,14,
7203,FOFUSH ENCANTADO UNICÓRNIO Ilumine com a lanterna de LED para desenhar na barriga do Fofush!,playmi,Play&Learn,+3 anos,340A x 220C x 200L,15,SIM
7225,FOFUSH ENCANTADO URSO,playmi,Play&Learn,+3 anos,270A x 220C x 200L,15,
7226,FOFUSH ENCANTADO ELEFANTE,playmi,Play&Learn,+3 anos,290A x 220C x 200L,15,
7204,FOFUSH FALANTE UNICÓRNIO Grava voz e repete de um jeito super divertido!,playmi,Play&Learn,+3 anos,300A x 150C x 218L,16,SIM
7227,FOFUSH FALANTE COELHO,playmi,Play&Learn,+3 anos,300A x 218C x 150L,16,
7228,FOFUSH FALANTE GATO,playmi,Play&Learn,+3 anos,300A x 218C x 150L,16,
7157,BI-BI-BLUM DIDÁTICO Carrinhos,playmi,Play&Learn,+18 meses,210A x 250C x 90L,17,
7195,DINO VRUM VRUM DIDÁTICO,playmi,Play&Learn,+18 meses,246A x 335C x 55L,18,
3029,DINO SABIDINHO PLUS,playmi,Play&Learn,+18 meses,235A x 350C x 210L,19,
3027,DINO BOMBEIRINHO,playmi,Play&Learn,+18 meses,235A x 350C x 210L,19,
3028,DINO ESCOLAR BRINQUEDO COM BRAILLE,playmi,Play&Learn,+18 meses,235A x 350C x 210L,20,
7112,CARRINHO EDUCATIVO AZUL,playmi,Play&Learn,+18 meses,180A x 245C x 175L,21,
7113,CARRINHO EDUCATIVO ROSA,playmi,Play&Learn,+18 meses,180A x 245C x 175L,21,
7105,POCOTÓ MUSICAL LARANJA,playmi,Play&Learn,+18 meses,260A x 300C x 105L,22,
7106,POCOTÓ MUSICAL ROSA,playmi,Play&Learn,+18 meses,260A x 300C x 105L,22,
7196,PIANO DIDÁTICO MUSICAL,playmi,Play&Learn,+12 meses,130A x 262C x 172L,23,
7160,XILOFONE DIDÁTICO,playmi,Play&Learn,+18 meses,120A x 240C x 160L,23,
7111,MESINHA DE ATIVIDADES MUSICAL,playmi,Play&Learn,+18 meses,245A x 420C x 320L,24,
7201,MESINHA MUSICAL CARROSSEL DOS BICHINHOS AZUL,playmi,Play&Learn,+12 meses,320A x 415C x 275L,25,
7202,MESINHA MUSICAL CARROSSEL DOS BICHINHOS ROSA,playmi,Play&Learn,+12 meses,320A x 415C x 275L,26,
7199,4 sons PIANO TOUCH MUSICAL AZUL diferentes!,playmi,Play&Learn,+12 meses,150A x 140C x 160L,27,
7200,PIANO TOUCH MUSICAL ROSA,playmi,Play&Learn,+12 meses,150A x 140C x 160L,27,
7197,BATERIA TOUCH MUSICAL AZUL 2 em 1,playmi,Play&Learn,+12 meses,165A x 387C x 45L,28,
7198,BATERIA TOUCH MUSICAL ROSA,playmi,Play&Learn,+12 meses,165A x 387C x 45L,28,
7159,BATERIA SHOW MUSICAL AZUL,playmi,Play&Learn,+18 meses,180A x 300C x 150L,29,
7194,BATERIA SHOW MUSICAL ROSA,playmi,Play&Learn,+18 meses,180A x 300C x 150L,29,
7107,POLVO MUSICAL AZUL,playmi,Play&Learn,+18 meses,155A x 270C x 235L,30,
7108,POLVO MUSICAL ROSA,playmi,Play&Learn,+18 meses,155A x 270C x 235L,30,
7109,SAPO MUSICAL Veja como a brincadeira acontece!,playmi,Play&Learn,+18 meses,135A x 335C x 190L,30,
7149,SOFTCAR MUSICAL,playmi,Play&Learn,+18 meses,130A x 120C x 110L,31,
7152,SOFT TRUCK REBOQUE MUSICAL,playmi,Play&Learn,+18 meses,130A x 120C x 110L,31,
7150,SOFT TRUCK BETONEIRA MUSICAL,playmi,Play&Learn,+18 meses,130A x 120C x 110L,32,
7151,SOFT TRUCK CAÇAMBA MUSICAL,playmi,Play&Learn,+18 meses,130A x 120C x 110L,32,
7117,PICK-UP SUPER FAST Toque para andar!,playmi,Play&Learn,+18 meses,85A x 155C x 100L,33,
7118,CARRINHO SUPER FAST,playmi,Play&Learn,+18 meses,85A x 155C x 100L,33,
7119,KOMBINHA SUPER FAST,playmi,Play&Learn,+18 meses,90A x 155C x 100L,33,
7115,CARRO DE POLÍCIA MUSICAL,playmi,Play&Learn,+12 meses,110A x 160C x 100L,34,
7114,CARRO DE BOMBEIRO MUSICAL,playmi,Play&Learn,+12 meses,110A x 165C x 100L,34,
7116,ÔNIBUS ESCOLAR MUSICAL,playmi,Play&Learn,+12 meses,110A x 160C x 100L,34,
7156,DINO ESCAVADEIRA MUSICAL,playmi,Play&Learn,+12 meses,130A x 150C x 90L,35,
7154,DINO CAÇAMBA MUSICAL,playmi,Play&Learn,+12 meses,130A x 150C x 90L,35,
7155,DINO ECOLÓGICO MUSICAL,playmi,Play&Learn,+12 meses,130A x 150C x 90L,36,
7153,DINO BETONEIRA MUSICAL,playmi,Play&Learn,+12 meses,130A x 150C x 90L,36,
7158,DINO RITMO DIVERTIDO Movimentos divertidos!,playmi,Play&Learn,+18 meses,290A x 110C x 130L,37,
8001,DINO JURÁSSICO COM 30 BLOCOS,playmi,Play&Molto,+24 meses,300A x 660C x 240L,39,
8002,NAVIO PIRATA Vem com 30 blocos!,playmi,Play&Molto,+24 meses,400A x 550C x 170L,40,
8026,FAZENDINHA 19 BLOCOS Vem com 19 blocos!,playmi,Play&Molto,+3 anos,385A x 550C x 103L,41,
8025,ESTAÇÃO DE RESGATE 10 BLOCOS Vem com 10 blocos!,playmi,Play&Molto,+3 anos,370A x 430C x 140L,42,
8016,GIRAFA DE ATIVIDADES AMARELA COM 15 BLOCOS Vem com 15 blocos!,playmi,Play&Molto,+24 meses,520A x 320C x 170L,43,SIM
8024,GIRAFA DE ATIVIDADES ROSA COM 15 BLOCOS,playmi,Play&Molto,+24 meses,520A x 320C x 170L,43,
8027,CARRINHO DE PUXAR COM 20 BLOCOS AZUL,playmi,Play&Molto,+12 meses,480A x 230C x 135L,44,
8028,CARRINHO DE PUXAR COM 20 BLOCOS ROSA,playmi,Play&Molto,+12 meses,480A x 230C x 135L,44,
8012,BLOCKS BOX AZUL COM 90 BLOCOS,playmi,Play&Molto,+24 meses,350A x 395C x 253L,45,
8011,BLOCKS BOX ROSA COM 90 BLOCOS Vem com 90 blocos!,playmi,Play&Molto,+24 meses,350A x 395C x 253L,45,
8003,MESINHA CRIATIVA AZUL COM 20 BLOCOS,playmi,Play&Molto,+24 meses,275A x 550C x 380L,46,
8023,MESINHA CRIATIVA ROSA COM 20 BLOCOS Vem com 275A x 550C x 380L 20 blocos!,playmi,Play&Molto,+24 meses,,46,SIM
8009,BOMBEIRINHO 25 PEÇAS,playmi,Play&Molto,+24 meses,210A x 300C x 90L,47,
8015,TRENZINHO DIDÁTICO 28 PEÇAS Com 28 peças!,playmi,Play&Molto,+24 meses,210A x 300C x 90L,47,
8005,TRENZINHO DIDÁTICO 70 PEÇAS,playmi,Play&Molto,+24 meses,340A x 525C x 90L,47,
8022,PIPINICO URSO AZUL CAIXA INDIVIDUAL Recipiente removível Prático e higiênico!,playmi,Play&Molto,+12 meses,230A x 390C x 350L,48,SIM
8029,MOTO SPEED XR MOTO DE EQUILÍBRIO VERMELHA,playmi,Play&Molto,+12 meses,490A x 640C x 325L,49,
8030,MOTO SPEED XR MOTO DE EQUILÍBRIO ROSA * A cor da embalagem,playmi,Play&Molto,+12 meses,490A x 640C x 325L,49,
8018,TOTOKROSS MOTO DE EQUILÍBRIO VERMELHA CAIXA INDIVIDUAL,playmi,Play&Molto,+12 meses,450A x 525C x 255L,50,
8017,TOTOKROSS MOTO DE Andador de EQUILÍBRIO ROSA CAIXA INDIVIDUAL equilibrio,playmi,Play&Molto,+12 meses,450A x 525C x 255L,50,SIM
8014,TRUCK RIDE ON AMARELA Vem com CAIXA INDIVIDUAL 10 blocos! * A cor,playmi,Play&Ride,+24 meses,440A x 615C x 290L,51,SIM
3066,TOTOKINHA SPORT ROSA,playmi,Play&Ride,+18 meses,348A x 495C x 250L,53,
6010,TOTOKINHA SPORT ROSA CAIXA INDIVIDUAL * cor da embalagem,playmi,Play&Ride,+18 meses,316A x 498C x 283L,53,
3067,TOTOKINHA SPORT AZUL,playmi,Play&Ride,+18 meses,348A x 495C x 250L,54,
6011,TOTOKINHA SPORT AZUL,playmi,Play&Ride,+18 meses,316A x 498C x 283L,54,
3033,TOTOKINHA BOLINHA ROSA,playmi,Play&Ride,+18 meses,316A x 498C x 283L,55,
6005,TOTOKINHA BOLINHA ROSA CAIXA INDIVIDUAL A língua e os bracinhos se * 1 unidade +18 meses A cor mexem! da 316A x 498C x 283L embalagem individual,playmi,Play&Ride,,,55,SIM
3034,TOTOKINHA BOLINHA AZUL,playmi,Play&Ride,+18 meses,316A x 498C x 283L,56,
6006,TOTOKINHA BOLINHA AZUL CAIXA INDIVIDUAL,playmi,Play&Ride,+18 meses,316A x 498C x 283L,56,
0301,TOTOKINHA CLÁSSICA AZUL CAIXA INDIVIDUAL * A cor da embalagem individual,playmi,Play&Ride,+18 meses,358A x 485C x 260L,57,SIM
0300,TOTOKINHA CLÁSSICA ROSA CAIXA INDIVIDUAL Um brinquedo que auxilia o desenvolvimento da criança de forma lúdica e divertida.,playmi,Play&Ride,+18 meses,358A x 485C x 260L,58,SIM
3045,TOTOKA PLUS SEM ELETRÔNICO ROSA,playmi,Play&Ride,+18 meses,348A x 495C x 250L,59,
3046,TOTOKA PLUS SEM ELETRÔNICO AZUL,playmi,Play&Ride,+18 meses,348A x 495C x 250L,59,
6007,TOTOKA PLUS SEM ELETRÔNICO ROSA CAIXA INDIVIDUAL **,playmi,Play&Ride,+18 meses,348A x 495C x 250L,60,
6008,TOTOKA PLUS SEM ELETRÔNICO AZUL CAIXA INDIVIDUAL **,playmi,Play&Ride,+18 meses,348A x 495C x 250L,60,
6009,TOTOKA BABY TRACTOR CAIXA INDIVIDUAL ** ** Todas as referências desta página são sem eletrônico.,playmi,Play&Ride,+18 meses,348A x 495C x 250L,60,SIM
7191,PATINETE AZUL DECORADO,playmi,Play&Ride,+2 anos,770A x 550C x 200L,61,
7192,PATINETE ROSA DECORADO,playmi,Play&Ride,+2 anos,770A x 550C x 200L,61,
2018,ACQUA BUBBLE,playmi,Play&Imagine,+3 anos,500A x 307C x 190L,63,
2019,ACQUA BUBBLE CAIXA INDIVIDUAL * A cor da,playmi,Play&Imagine,+3 anos,500A x 307C x 190L,63,
2013,COZINHA SONHO DE MENINA,playmi,Play&Imagine,+3 anos,255A x 486C x 202L,64,
2016,"COZINHA SONHO DE MENINA CAIXA INDIVIDUAL Torneira lúdica, não sai água de verdade.",playmi,Play&Imagine,+3 anos,255A x 486C x 202L,64,SIM
2012,GELADEIRA SONHO DE MENINA,playmi,Play&Imagine,+3 anos,486A x 255C x 202L,65,
2015,GELADEIRA SONHO DE MENINA CAIXA INDIVIDUAL * A cor da embalagem,playmi,Play&Imagine,+3 anos,486A x 255C x 202L,65,SIM
2014,GELADEIRA GELA SORVETINHO,playmi,Play&Imagine,+3 anos,486A x 255C x 202L,66,
2017,GELADEIRA GELA SORVETINHO CAIXA INDIVIDUAL 1º Puxe a 486A x 255C x 202L casquinha 2º Aperte o botão 3º Tire o Sorvetinho,playmi,Play&Imagine,+3 anos,,66,SIM
2023,DOCE COZINHA GOURMET MÁQUINA DE CAFÉ ESPRESSO,playmi,Play&Imagine,+3 anos,220A x 272C x 160L,67,
2020,DOCE COZINHA GOURMET AIR FRYER,playmi,Play&Imagine,+3 anos,220A x 240C x 108L,67,
2024,DOCE COZINHA GOURMET,playmi,Play&Imagine,+3 anos,162A x 247C x 164L,68,
2021,DOCE COZINHA GOURMET BATEDEIRA,playmi,Play&Imagine,+3 anos,249A x 196C x 123L,68,
2022,DOCE COZINHA GOURMET LIQUIDIFICADOR,playmi,Play&Imagine,+3 anos,268A x 158C x 130L,68,
7181,DOCE COZINHA PLUS BRINCANDO DE COZINHAR,playmi,Play&Imagine,+3 anos,230A x 345C x 50L,69,
7182,DOCE COZINHA PLUS GRILL,playmi,Play&Imagine,+3 anos,300A x 360C x 50L,69,
7183,DOCE COZINHA PLUS SANDWICH,playmi,Play&Imagine,+3 anos,230A x 345C x 50L,69,
7206,DOCE COZINHA PLUS CHÁ COM BOLINHOS,playmi,Play&Imagine,+3 anos,274A x 345C x 66L,70,
7207,DOCE COZINHA PLUS CHÁ COM ROSQUINHAS,playmi,Play&Imagine,+3 anos,274A x 345C x 66L,70,
7205,DOCE COZINHA PLUS CHÁ COM BISCOITOS,playmi,Play&Imagine,+3 anos,274A x 345C x 66L,70,
7122,DOCE COZINHA PLUS COMIDINHA,playmi,Play&Imagine,+3 anos,305A x 408C x 80L,71,
7123,DOCE COZINHA PLUS LIQUIDIFICADOR,playmi,Play&Imagine,+3 anos,305A x 408C x 80L,71,
7124,DOCE COZINHA PLUS MICROONDAS E BATEDEIRA,playmi,Play&Imagine,+3 anos,305A x 408C x 80L,72,
7125,DOCE COZINHA PLUS TORRADEIRA E BATEDEIRA,playmi,Play&Imagine,+3 anos,305A x 408C x 80L,72,
7184,CORTE & ESCOVA,playmi,Play&Drive,+3 anos,270A x 400C x 80L,73,
7185,STUDIO FASHION CELEBRIDADES CORTE & HIDRATAÇÃO,playmi,Play&Drive,+3 anos,270A x 400C x 80L,73,
7186,CELEBRIDADES ESCOVA & PENTEADO *Não funciona como,playmi,Play&Drive,+3 anos,270A x 400C x 80L,73,
1061,OPEN TRACKS TRATOR CARREGADEIRA,playmi,Play&Drive,+3 anos,233A x 420C x 195L,75,
1060,"OPEN TRACKS TRATOR ESCAVADEIRA 233A x 560C x 195L +,'#-""",playmi,Play&Drive,+3 anos,,75,SIM
1059,"OPEN TRACKS TRATOR RETROESCAVADEIRA 235A x 650C x 195L *+,&-",playmi,Play&Drive,+3 anos,,76,SIM
1018,COMBO 2 CONSTRUCTION,playmi,Play&Drive,+3 anos,236A x 350C x 220L,77,
1062,CAMINHÃO AIR TRUCK CAÇAMBA,playmi,Play&Drive,+3 anos,207A x 348C x 243L,78,
1063,CAMINHÃO AIR TRUCK ESCAVADEIRA,playmi,Play&Drive,+3 anos,207A x 429C x 243L,78,
1017,TANDY TRACTOR Um super caminhão basculante e carregadeira com caçamba e braços articulados!,playmi,Play&Drive,+3 anos,278A x 470C x 240L,79,SIM
1049,"TANDY BOMBEIRO Um caminhão de bombeiro equipado com cones, escadas retráteis, maca de salvamento e extintores!",playmi,Play&Drive,+3 anos,275A x 400C x 240L,80,SIM
7193,ELETRONIC PARKING BOMBEIRO Elevador eletrônico!,playmi,Play&Drive,+3 anos,670A x 600C x 320L,81,
7138,ESTAÇÃO DE BOMBEIRO,playmi,Play&Drive,+3 anos,240A x 310C x 95L,82,
7140,ESTAÇÃO DE CONSTRUÇÃO,playmi,Play&Drive,+3 anos,240A x 310C x 75L,82,
7141,ESTAÇÃO DE RECICLAGEM,playmi,Play&Drive,+3 anos,240A x 310C x 75L,82,
7139,ESTAÇÃO DE BOMBEIRO PLUS,playmi,Play&Collect,+3 anos,350A x 520C x 70L,83,
3117,LITTLE FIGS DISNEY TOY STORY,playmi,Play&Collect,+3 anos,190A x 280C x 62L,87,
3100,LITTLE FIGS DISNEY STITCH,playmi,Play&Collect,+3 anos,190A x 280C x 62L,87,
3103,LITTLE FIGS MARVEL SPIDEY,playmi,Play&Collect,+3 anos,170A x 245C x 60L,87,
3105,LITTLE FIGS OS SMURFS,playmi,Play&Collect,+3 anos,190A x 280C x 62L,87,
3113,LITTLE FIGS BLUEY* LANÇAMENTO!,playmi,Play&Collect,+3 anos,170A x 245C x 60L,88,
3122,LITTLE FIGS GALINHA PINTADINHA O FILME* LANÇAMENTO!,playmi,Play&Collect,+3 anos,170A x 245C x 60L,88,
3104,LITTLE FIGS GALINHA PINTADINHA TEMÁTICA,playmi,Play&Collect,+3 anos,170A x 245C x 60L,88,
3101,LITTLE FIGS O SHOW DA LUNA,playmi,Play&Collect,+3 anos,170A x 245C x 60L,88,
3118,BONECO DE BANHO COM ESGUICHO DISNEY,playmi,Play&Collect,+9 meses,130A x 80C x 69L,89,
3119,BONECO DE BANHO COM ESGUICHO DISNEY MINNIE,playmi,Play&Collect,+9 meses,130A x 80C x 69L,89,
3120,BONECO DE BANHO COM ESGUICHO DISNEY,playmi,Play&Collect,+9 meses,130A x 84C x 60L,90,
3121,BONECO DE BANHO COM ESGUICHO DISNEY WOODY,playmi,Play&Collect,+9 meses,130A x 65C x 69L,90,
3098,TOTOKINHA MARVEL SPIDEY,playmi,Play&Collect,+18 meses,348A x 495C x 250L,91,
6018,TOTOKINHA MARVEL,playmi,Play&Collect,+18 meses,316A x 498C x 283L,91,
3099,MILEVA MARVEL SPIDEY,playmi,Play&Collect,+18 meses,170A x 312C x 255L,92,
3096,TOTOKINHA DISNEY ARIEL,playmi,Play&Collect,+18 meses,,93,SIM
6017,TOTOKINHA DISNEY ARIEL CAIXA INDIVIDUAL,playmi,Play&Collect,+18 meses,316A x 498C x 283L,93,
3097,MILEVA DISNEY ARIEL,playmi,Play&Collect,+18 meses,170A x 312C x 255L,93,
3124,LANÇAMENTO! TOTOKINHA PRINCESAS,playmi,Play&Collect,+18 meses,348A x 495C x 250L,94,
6021,TOTOKINHA PRINCESAS CAIXA INDIVIDUAL,playmi,Play&Collect,+18 meses,316A x 498C x 283L,94,
7229,LANÇAMENTO! PATINETE BLUEY* .seõçaretla a,playmi,Play&Collect,+2 anos,450A x 580c x 390L,95,
3123,LANÇAMENTO! TOTOKINHA BLUEY*,playmi,Play&Collect,+18 meses,348A x 495C x 250L,96,
6020,CAIXA INDIVIDUAL,playmi,Play&Collect,+18 meses,316A x 498C x 283L,96,
3106,BONECO DE VINIL OS SMURFS - SMURF,playmi,Play&Collect,+18 meses,140A x 70C x 65L,97,
3108,BONECO DE VINIL OS SMURFS - SMURFETTE,playmi,Play&Collect,+18 meses,140A x 70C x 65L,97,
3107,BONECO DE VINIL OS SMURFS - PAPAI SMURF,playmi,Play&Collect,+18 meses,140A x 70C x 65L,97,
7222,BONECO DE PELÚCIA SMURF,playmi,Play&Collect,+2 meses,300A x 130C x 180L,98,
7224,BONECO DE PELÚCIA SMURFETTE,playmi,Play&Collect,+2 meses,300A x 170C x 170L,98,
7223,BONECO DE PELÚCIA PAPAI SMURF,playmi,Play&Collect,+2 meses,300A x 120C x 190L,98,
3112,TOTOKINHA GALINHA PINTADINHA MINI,playmi,Play&Collect,+18 meses,348A x 495C x 250L,99,
6019,TOTOKINHA GALINHA PINTADINHA MINI CAIXA INDIVIDUAL,playmi,Play&Collect,+18 meses,316A x 498C x 283L,99,
3038,MINIATURAS GALINHA PINTADINHA 5cm al tura,playmi,Play&Collect,+3 anos,145A x 210C x 65L,99,
3102,BONECA LUNA ABELHA O SHOW DA LUNA,playmi,Play&Collect,+18 meses,190A x 120C x 90L,100,
3115,BONECA LUNA JOANINHA O SHOW DA LUNA,playmi,Play&Collect,+18 meses,190A x 120C x 90L,100,
3116,BONECA LUNA MELANCIA O SHOW DA LUNA,playmi,Play&Collect,+18 meses,190A x 120C x 90L,100,
3063,TOTOKINHA POCOYO COM BONECO (licenciado),playmi,Play&Collect,+18 meses,316A x 510C x 283L,101,
6012,COM BONECO CAIXA INDIVIDUAL (licenciado) * A cor 1 unidade +18 meses da embalagem 316A x 510C x 283L,playmi,Play&Collect,,,101,SIM
3068,TOTOKINHA ELLY COM BONECO (licenciado),playmi,Play&Collect,+18 meses,316A x 510C x 283L,102,
6013,TOTOKINHA ELLY,playmi,Play&Collect,+18 meses,,102,SIM
0275,BONECO DE VINIL POCOYO (licenciado),playmi,Play&Collect,+18 meses,140A x 70C x 65L,103,
3049,BONECO DE VINIL SONEQUITA (licenciado),playmi,Play&Collect,+18 meses,82A x 92C x 92L,103,
3048,BONECO DE VINIL FRED (licenciado),playmi,Play&Collect,+18 meses,90A x 110C x 95L,103,
3021,BONECO DE VINIL NINA (licenciado),playmi,Play&Collect,+18 meses,135A x 79C x 72L,104,
0282,BONECO DE VINIL PATO (licenciado),playmi,Play&Collect,+18 meses,161A x 52C x 96L,104,
3011,BONECO DE VINIL ELLY (licenciado),playmi,Play&Collect,+18 meses,175A x 95C x 85L,104,
0281,BONECO DE VINIL LOULA (licenciado),playmi,Play&Collect,+18 meses,103A x 74C x 85L,104,
3079,BONECO DE VINIL TEMÁTICO POCOYO FRANKENSTEIN,playmi,Play&Collect,+18 meses,190A x 115C x 115L,105,
3080,BONECO DE VINIL TEMÁTICO POCOYO PRÍNCIPE,playmi,Play&Collect,+18 meses,190A x 115C x 115L,105,
3081,BONECO DE VINIL TEMÁTICO POCOYO SUPER HERÓI,playmi,Play&Collect,+18 meses,190A x 115C x 115L,105,
3065,BONECO DE PELÚCIA E VINIL POCOYO (licenciado),playmi,Play&Collect,+12 meses,330A x 210C x 125L,106,
3064,BONECO DE PELÚCIA POCOYO (licenciado) Fofinho e macio Sem embalagem,playmi,Play&Collect,+2 meses,330A x 210C x 125L,106,SIM
3050,BONECO DE VINIL POCOYO GRANDE (licenciado),playmi,Play&Collect,+18 meses,280A x 120C x 120L,107,
3052,BONECO DE VINIL PATO GRANDE (licenciado),playmi,Play&Collect,+18 meses,290A x 120C x 120L,107,
3051,BONECO DE VINIL ELLY GRANDE (licenciado),playmi,Play&Collect,+18 meses,290A x 120C x 120L,107,
3013,MINIATURAS POCOYO (licenciado),playmi,Play&Collect,+3 anos,145A x 210C x 65L,108,
0263,TAMBOR POCOYO (licenciado),playmi,Play&Collect,+3 anos,175A x 202C x 202L,109,
0266,TAMBORETE POCOYO (licenciado),playmi,Play&Collect,+3 anos,80A x 202C x 202L,109,
0272,GUITARRA POCOYO (licenciado),playmi,Play&Collect,+4 anos,42A x 372C x 120L,109,
7120,PET HOME COM BLOCOS AZUL,playmi,Play&Collect,+3 anos,270A x 250C x 175L,113,
7121,PET HOME COM BLOCOS ROSA,playmi,Play&Collect,+3 anos,270A x 250C x 175L,113,
3053,MESINHA DE ATIVIDADES ROSA CAIXA INDIVIDUAL +18 meses BRINQUEDO,playmi,Play&Collect,,390A x 348C x 348L,114,SIM
3054,MESINHA DE ATIVIDADES AZUL CAIXA INDIVIDUAL,playmi,Play&Collect,+18 meses,390A x 348C x 348L,114,
3055,BAUDUXO DIDÁTICO ROSA SEM EMBALAGEM 4 unidades +18 meses BRINQUEDO COM BRAILLE,playmi,Play&Collect,,360A x 305C x 285L,115,SIM
3056,BAUDUXO DIDÁTICO AZUL SEM EMBALAGEM BRINQUEDO COM BRAILLE,playmi,Play&Collect,+18 meses,360A x 305C x 285L,115,
3078,MIPUXA ROSA,playmi,Play&Collect,+18 meses,170A x 312C x 255L,116,
0280,MIPUXA AZUL,playmi,Play&Collect,+18 meses,170A x 312C x 255L,116,
7110,TUCANO MUSICAL,playmi,Play&Collect,+12 meses,180A x 165C x 50L,117,
7104,MACACO MUSICAL,playmi,Play&Collect,+12 meses,150A x 180C x 50L,117,
7101,ELEFANTE MUSICAL AZUL,playmi,Play&Collect,+12 meses,160A x 220C x 45L,118,
7102,ELEFANTE MUSICAL ROSA,playmi,Play&Collect,+12 meses,160A x 220C x 45L,118,
7103,GIRAFA MUSICAL,playmi,Play&Collect,+18 meses,420A x 165C x 55L,118,
1007,DINO SABIDINHO,playmi,Play&Collect,+18 meses,176A x 327C x 186L,119,
3012,PATA BOTA-OVO,playmi,Play&Collect,+18 meses,230A x 220C x 120L,119,
3007,TELTALUGA,playmi,Play&Collect,+18 meses,118A x 198C x 153L,120,
3008,TORTUGA,playmi,Play&Collect,+18 meses,175A x 236C x 210L,120,
9506,PIPINICO ROSA CAIXA INDIVIDUAL R$ Com tampa! Apoio lateral para maior estabilidade da criança Formato anatômico,playmi,Play&Collect,+12 meses,230A x 378C x 304L,121,SIM
9505,PIPINICO AZUL CAIXA INDIVIDUAL * A cor da embalagem individual,playmi,Play&Collect,+12 meses,230A x 378C x 304L,121,SIM
7128,PET CLUB HORA DO SONINHO,playmi,Play&Collect,+3 anos,225A x 210C x 103L,123,
7127,PET CLUB HORA DO PASSEIO,playmi,Play&Collect,+3 anos,196A x 237C x 90L,123,
7126,PET CLUB HORA DO BANHO em,playmi,Play&Collect,+3 anos,343A x 262C x 88L,123,
0133,MINI MERCADO,playmi,Play&Collect,+3 anos,100A x 250C x 160L,124,
0124,LEVA PAPINHA,playmi,Play&Collect,+3 anos,100A x 250C x 160L,124,
2004,DOCE COZINHA ALMOCINHO,playmi,Play&Collect,+3 anos,300A x 300C x 75L,125,
2005,DOCE COZINHA LANCHINHO,playmi,Play&Collect,+3 anos,300A x 300C x 75L,125,
2006,DOCE COZINHA JANTINHA,playmi,Play&Collect,+3 anos,300A x 300C x 75L,125,
2011,"DOCE COZINHA FOGÃOZINHO ( & """,playmi,Play&Collect,+3 anos,300A x 300C x 75L,126,
2010,"DOCE COZINHA FAZ-DE-CONTA ( & """,playmi,Play&Collect,+3 anos,300A x 300C x 75L,126,
8102,BELINHA STUDIO,playmi,Play&Collect,+3 anos,160A x 240C x 390L,127,
1051,COMBO AGRO TRATOR,playmi,Play&Collect,+3 anos,146A x 380C x 148L,129,
1040,COMBO TRATOR ESCAVADEIRA,playmi,Play&Collect,+3 anos,150A x 365C x 160L,129,
1041,COMBO TRATOR RETROESCAVADEIRA,playmi,Play&Collect,+3 anos,196A x 416C x 160L,129,
9047,COMBOIO RODEIO,playmi,Play&Collect,+3 anos,158A x 535C x 109L,130,
9055,COMBOIO BOMBEIRO,playmi,Play&Collect,+3 anos,130A x 533C x 109L,130,
1058,INVICTUS SUPER CEGONHEIRO,playmi,Play&Collect,+3 anos,170A x 490C x 120L,131,
1053,INVICTUS SKY,playmi,Play&Collect,+3 anos,125A x 425C x 105L,131,
1044,INVICTUS GRANELEIRO,playmi,Play&Collect,+3 anos,120A x 430C x 110L,132,
1045,INVICTUS RESGATE,playmi,Play&Collect,+3 anos,105A x 245C x 105L,132,
1042,INVICTUS BASCULANTE,playmi,Play&Collect,+3 anos,117A x 255C x 105L,132,
7163,TRAVEL DRIVER BUS AMARELO,playmi,Play&Drive,+3 anos,70A x 270C x 60L,133,
7164,TRAVEL DRIVER BUS VERMELHO,playmi,Play&Drive,+3 anos,70A x 270C x 60L,133,
7131,CITY DRIVER VERMELHO,playmi,Play&Drive,+3 anos,90A x 280C x 65L,134,
7130,CITY DRIVER AMARELO,playmi,Play&Drive,+3 anos,90A x 280C x 65L,134,
7144,CITY RESCUE POLÍCIA,playmi,Play&Drive,+3 anos,80A x 195C x 80L,135,
7142,CITY RESCUE AMBULÂNCIA,playmi,Play&Drive,+3 anos,85A x 200C x 70L,135,
7143,CITY RESCUE BOMBEIRO,playmi,Play&Drive,+3 anos,110A x 180C x 70L,135,
7134,CITY TRUCK RECICLAGEM,playmi,Play&Drive,+3 anos,115A x 245C x 85L,136,
7133,CITY TRUCK CONSTRUÇÃO,playmi,Play&Drive,+3 anos,140A x 270C x 85L,136,
7132,CITY TRUCK BOMBEIRO,playmi,Play&Drive,+3 anos,130A x 235C x 110L,136,
7162,FIRE RESCUE POLÍCIA,playmi,Play&Drive,+3 anos,50A x 180C x 80L,137,
7161,FIRE RESCUE BOMBEIRO,playmi,Play&Drive,+3 anos,,137,SIM
7135,CORRIDA RADICAL 360º,playmi,Play&Drive,+3 anos,260A x 335C x 75L,138,
7136,CORRIDA RADICAL 360º COM 2 LOOPINGS,playmi,Play&Drive,+3 anos,280A x 530C x 75L,138,
7148,DINOCAR COM ACESSÓRIOS,playmi,Play&Drive,+3 anos,140A x 310C x 110L,139,
7129,DINOCAR COM CARRINHOS Com 2 dinossauros vinil em miniatura,playmi,Play&Drive,+3 anos,140A x 310C x 110L,139,
7137,CORRIDA RADICAL DINOSSAURO,playmi,Play&Drive,+3 anos,250A x 350C x 95L,140,
7165,T-REX RELÂMPAGO,playmi,Play&Drive,+3 anos,80A x 180C x 50L,140,
7171,Display Robô-Blocks serviço 3 unidade de cada.,playmi,Play&Drive,,,141,SIM
7172 - A,ROBÔ-BLOCKS SERVIÇO VARREDOR - 46 PEÇAS 6 displays (18 unidades) +3 anos,playmi,Play&Drive,,110A x 140C x 40L,141,SIM
7173 - B,ROBÔ-BLOCKS SERVIÇO DELIVERY - 45 PEÇAS 6 displays (18 unidades) +3 anos,playmi,Play&Drive,,110A x 140C x 40L,141,SIM
7174 - C,ROBÔ-BLOCKS SERVIÇO CAMINHÃO PIPA - 45 PEÇAS 6 displays (18 unidades) +3 anos,playmi,Play&Drive,,110A x 140C x 40L,141,SIM
7175 - D,ROBÔ-BLOCKS SERVIÇO AMBULÂNCIA - 47 PEÇAS 6 displays (18 unidades) +3 anos,playmi,Play&Drive,,110A x 140C x 40L,141,SIM
7176,Display Robô-Blocks corrida 3 unidade de cada.,playmi,Play&Drive,,,142,SIM
7177 - A,ROBÔ-BLOCKS CORRIDA F-CAR - 53 PEÇAS 6 displays (18 unidades) +3 anos,playmi,Play&Drive,,110A x 140C x 40L,142,SIM
7178 - B,ROBÔ-BLOCKS CORRIDA F-ROAD - 59 PEÇAS 6 displays (18 unidades) +3 anos,playmi,Play&Drive,,110A x 140C x 40L,142,SIM
7179 - C,ROBÔ-BLOCKS CORRIDA F-QUADRI - 42 PEÇAS 6 displays (18 unidades) +3 anos,playmi,Play&Drive,,110A x 140C x 40L,142,SIM
7180 - D,ROBÔ-BLOCKS CORRIDA F-RUN - 65 PEÇAS 6 displays (18 unidades) +3 anos,playmi,Play&Drive,,110A x 140C x 40L,142,SIM
1046,JEEP RALLY (NA EMBALAGEM),playmi,Play&Drive,+3 anos,110A x 230C x 115L,143,
7001,BOLICHE,playmi,Play&Drive,+3 anos,270A x 210C x 210L,145,
8401,ALVO CERTO,playmi,Play&Drive,+14 anos,364A x 350C x 30L,146,
0209,BALDICO DE PRAIA,playmi,Play&Drive,+18 meses,155A x 165C x 165L,147,
0205,BALDÃO DE PRAIA,playmi,Play&Drive,+18 meses,205A x 200C x 200L,147,
1052,DINO PRAIA,playmi,Play&Drive,+18 meses,200A x 327C x 186L,147,
3057,TÓPI BOMBEIRINHO,topi,,+18 meses,235A x350C x 210L,149,
3058,TÓPI ESCOLAR,topi,,+18 meses,235A x350C x 210L,149,
3059,TÓPI SABIDINHO PLUS,topi,,+18 meses,235A x350C x 210L,149,
4030,TÓPI BOLOFANTE COM FORMAS GEOMÉTRICAS,topi,,+18 meses,255A x 300C x 260L,150,
4032,TÓPI BOLOPÓTAMO COM NÚMEROS,topi,,+18 meses,255A x 300C x 260L,150,
4031,TÓPI BOLOLÉO COM LETRAS,topi,,+18 meses,255A x 300C x 260L,150,
4013,TÓPI DINO SABIDINHO,topi,,+18 meses,176A x 327C x 186L,151,
4015,TÓPI PATA BOTA OVO,topi,,+18 meses,230A x 220C x 120L,151,
4014,TÓPI TORTUGA,topi,,+18 meses,175A x 236C x 210L,151,
4016,TÓPI MILEVA,topi,,+18 meses,170A x 312C x 255L,152,
4026,TÓPI CESTINHA DIDÁTICA,topi,,+18 meses,135A x 192C x 171L,152,
4010,TÓPI TAMBORETE,topi,,+3 anos,80A x 202C x 202L,153,
4012,TÓPI PANDEIRO,topi,,+3 anos,80A x 202C x 202L,153,
4009,TÓPI TAMBOR,topi,,+3 anos,175A x 202C x 202L,153,
7189,TÓPI BLOCOS DE MONTAR 130 PEÇAS,topi,,+3 anos,350A x 270C x 40L,154,
7190,TÓPI BLOCOS DE MONTAR 39 PEÇAS COM BASE,topi,,+3 anos,330A x 320C x 70L,154,
7208,TÓPI FESTA DIVERTIDA COM PIZZA,topi,,+3 anos,432A x 286C x 32L,155,
7209,TÓPI FESTA DOCE COM SORVETE,topi,,+3 anos,432A x 286C x 45L,155,
7210,TÓPI FESTA GELADA COM FRUTINHAS,topi,,+3 anos,432A x 286C x 49L,155,
7211,TÓPI FESTA PLUS DAS GULOSEIMAS,topi,,+3 anos,432A x 286C x 65L,155,
7212,TÓPI CHEF BRUNCH,topi,,+3 anos,340A x 215C x 60L,156,
7213,TÓPI CHEF CHÁ DA TARDE,topi,,+3 anos,340A x 215C x 60L,156,
7214,TÓPI CHEF MENU,topi,,+3 anos,340A x 215C x 35L,156,
7215,TÓPI CHEF COZINHA FORNO,topi,,+3 anos,520A x 380C x 50L,157,
7216,TÓPI CHEF COZINHA LEGUMES,topi,,+3 anos,520A x 380C x 50L,157,
7217,TÓPI CHEF COZINHA LEGUMES E MAR,topi,,+3 anos,520A x 380C x 60L,157,
7218,TÓPI CHEF COZINHA TERRA E MAR,topi,,+3 anos,520A x 380C x 50L,157,
7219,TÓPI CHEF COZINHA PREPARAR,topi,,+3 anos,430A x 310C x 40L,158,
7220,TÓPI CHEF COZINHA PREPARAR E COZINHAR,topi,,+3 anos,430A x 310C x 50L,158,
7221,TÓPI CHEF COZINHA COZINHAR E SERVIR,topi,,+3 anos,430A x 310C x 40L,158,
4020,TÓPI LIQUIDIFICADOR,topi,,+3 anos,137A x 92C x 75L,159,
4019,TÓPI BATEDEIRA,topi,,+3 anos,130A x 115C x 88L,159,
4021,TÓPI FOGÃOZINHO,topi,,+3 anos,50A x 250C x 145L,159,
2003,CARRINHO DE BONECA DESMONTADO,topi,,+3 anos,575A x 230C x 390L,160,
0125,CARRINHO DE BONECA PASSEIO DO BEBÊ,topi,,+3 anos,690A x 255C x 113L,160,
2009,CARRINHO DE BONECA DESMONTADO,topi,,+3 anos,575A x 530C x 390L,160,
2001,CARRINHO DE BONECA MEU NENÊ,topi,,+3 anos,575A x 230C x 390L,160,
4022,TÓPI TRATOR ESCAVADEIRA,topi,,+3 anos,150A x 365C x 160L,161,
4023,TÓPI TRATOR RETROESCAVADEIRA,topi,,+3 anos,196A x 416C x 160L,161,
4024,TÓPI TRATOR AGRO,topi,,+3 anos,146A x 380C x 148L,161,
4025,TÓPI INVICTUS GRANELEIRO,topi,,+3 anos,120A x 430C x 110L,162,
4018,TÓPI INVICTUS CAÇAMBA,topi,,+3 anos,117A x 255C x 105L,162,
4029,TÓPI INVICTUS SUPER CEGONHEIRO,topi,,+3 anos,170A x 490C x 120L,162,
4028,TÓPI COMBO CONSTRUCTION,topi,,+3 anos,236A x 350C x 220L,163,
1036,JEEP RALLY (NO FILME),topi,,+3 anos,110A x 230C x 115L,163,
0071,TANDY CAÇAMBA (NA REDE),topi,,+3 anos,282A x 375C x 237L,164,
0072,TANDY TRACTOR (NA REDE),topi,,+3 anos,278A x 470C x 240L,164,
0078,TANDY BOMBEIRO (NA REDE),topi,,+3 anos,275A x 400C x 240L,164,
